<?xml version="1.0" encoding="UTF-8"?>
<project-private xmlns="http://www.netbeans.org/ns/project-private/1">
    <editor-bookmarks xmlns="http://www.netbeans.org/ns/editor-bookmarks/2" lastBookmarkId="1"/>
    <open-files xmlns="http://www.netbeans.org/ns/projectui-open-files/2">
        <group>
            <file>file:/C:/Users/iband/Desktop/Git/CookTok/ProjCookTok/src/telas/TelaAdicionar_Receita.java</file>
            <file>file:/C:/Users/iband/Desktop/Git/CookTok/ProjCookTok/src/telas/Tela_Inicio.java</file>
            <file>file:/C:/Users/iband/Desktop/Git/CookTok/ProjCookTok/src/db/TbReceita.java</file>
            <file>file:/C:/Users/iband/Desktop/Git/CookTok/ProjCookTok/src/telas/Tela_Exec.java</file>
            <file>file:/C:/Users/iband/Desktop/Git/CookTok/ProjCookTok/src/db/TbInstrucao.java</file>
            <file>file:/C:/Users/iband/Desktop/Git/CookTok/ProjCookTok/src/db/TbRelIngreRec.java</file>
            <file>file:/C:/Users/iband/Desktop/Git/CookTok/ProjCookTok/src/cookTok/Cronometro.java</file>
        </group>
    </open-files>
</project-private>
